Name,Metadata,Content
Data Aggregation,Data Aggregation || Get Started With Data Aggregation || Case Study for Bank Account Aggregation API,"
Data Aggregation
Data Aggregation Definition.
Get Started With Data Aggregation
There's summary for Data Aggregation.
Case Study for Bank Account Aggregation API
Explainiation about Bank Account Aggregation API.
Much more."
Name 2,Metadata 1 || Metadata 2 || Metadata 3 || Metadata 4,"
Metadata 1
Details for Metadata 1.
Metadata 2
Details for Metadata 2.
Metadata 3
Details for Metadata 3.
Metadata 4
Details for Metadata 4."
